date,tweet
2020-03-17, pic.twitter.com/7xTo4Z75Nc
2020-03-16, pic.twitter.com/SbERURjfri
2020-03-15,Ok RIGHT. I sneezed at work and my coworkers threw a fit.
2020-03-15, pic.twitter.com/btcwlAEEdy
2020-03-15,Panic buying video games just in case I get quarantined. pic.twitter.com/MZAcDUtfRU
2020-03-15, pic.twitter.com/PlvJsA1AYE
2020-03-12,Post 4 celebs you're most attracted to and let your followers decide if you have taste.  https://twitter.com/isaacdraws1/status/1237917095213633542Â â€¦ pic.twitter.com/bRMEFmVu8D
2020-03-12,Top tier taste right there.
2020-03-10,Time to play: Am I Getting Sick or is it Just Allergies?? pic.twitter.com/wWTNYlA6fT
2020-03-09,Also you can give them the weirdest nicknames like fuck yeah that Pikachu is gonna be Squirrely Dan! pic.twitter.com/UOxkWNi4KT
2020-03-09,Anybody want to #commission me? Mama needs her acrylics put back on. pic.twitter.com/22pQ4SNbXW
2020-03-09,PokÃ©mon is rad because itâ€™s like â€œyeah me and my pumpkin ghost beat up an angry balloon until I threw a softball at it.â€ pic.twitter.com/rZk91ta3Sj
2020-03-07,"Describe yourself ONLY with pictures you have, you CANNOT search or download new pictures  https://twitter.com/isaacdraws1/status/1236050498605719553Â â€¦ pic.twitter.com/wIgwAkjAq2"
2020-03-06,What it do nephew pic.twitter.com/pwOP2w3SSS
2020-03-05,Um-the cutest?!?!
2020-03-05,Idk who this is but I accept  https://twitter.com/2020concepts/status/1234825339626512390Â â€¦ pic.twitter.com/qUyPAyVUtj
2020-03-05,Remember when Finn was a main character and not sidelined for an abusive man baby? https://twitter.com/jedimulaney/status/1235305885452382214Â â€¦
2020-03-04,"P: how do you feel?
Me: Fast Car by Tracy Chapman
P: thatâ€™s not-
Me: FAST. CAR. BY. TRACY. CHAPMAN. pic.twitter.com/IMwjGPUEKS"
2020-03-03,ğŸ˜‚ğŸ˜‚
2020-03-03,Oh lol.
2020-03-03,Which one?!?!
2020-03-02,"And the sequel, â€œoh no I think I made it too much about me, how do I back pedal immediately but gracefullyâ€"
2020-02-28,"Finally, a spirit we can get behind summoning. https://twitter.com/plastiboo/status/1233143735279661060Â â€¦"
2020-02-27,Yes
2020-02-26,Cat starter pack ğŸ’–ğŸ¯  https://twitter.com/isaacdraws1/status/1232455004889341952Â â€¦ pic.twitter.com/bFBAQYF7SQ
2020-02-26,That is literally the one I would have chosen.
2020-02-26,This pisses me off so much that I literally feel flames on my face. pic.twitter.com/N0T6lBYFX3
2020-02-25,Can I not have one (1) good night?! pic.twitter.com/RB9zZzSA6J
2020-02-24,He understands you.
2020-02-24,You want me you get my child as well.  https://twitter.com/javi_draws/status/1231454546771300352Â â€¦ pic.twitter.com/IkyQkemAwC
2020-02-24,Cool so I just puked my guts out in the new place. Firsts!
2020-02-24,Ok I made it home and set up the internet so everything is fine. Canâ€™t find the toothpaste but I have Wifi. pic.twitter.com/UjXEHfshXL
2020-02-24,That feeling when you realize your modem and router arenâ€™t set up yet and you used all your high speed data for the month. pic.twitter.com/MRV0AAJQik
2020-02-24,Yas bitch!!! Weâ€™re gonna nail this!
2020-02-24,Cannot wait for picsssssssss
2020-02-24,Not @ me ordering my family pizza so I donâ€™t have to drive home yet. pic.twitter.com/ROhKRTKuWT
2020-02-24,"So I have my car now. Her name is Annabelle and she is a 2014 Forester. I am still anxious about driving, but it feels good to take a step. pic.twitter.com/81asyJTn5L"
2020-02-24,Omg Laura!!!! You said yes to the dress!!!!!
2020-02-19,Well shit. pic.twitter.com/LzrnzVdkD1
2020-02-19,"Hi all! Iâ€™m Cat, and I love to collect, look at, and create spooky art! My insta is @ the_vvoid if anyone wants to follow there! pic.twitter.com/nEnBOuB5B8"
2020-02-19,How I feel this morning pic.twitter.com/gpBEfvITnR
2020-02-19, pic.twitter.com/qTvfJNCPQO
2020-02-19,This is seriously amazing!
2020-02-18,Hello Ladies. pic.twitter.com/qLjOrHTXNI
2020-02-17, pic.twitter.com/k90QAKCrjM
2020-02-17,Iâ€™m terrified pic.twitter.com/iYzAoAmCiB
2020-02-17,Soon we will have a car and no more excuses not to go places. pic.twitter.com/qlY7bkxtxa
2020-02-12,No problem! Canâ€™t wait for White Pines!
2020-02-12,Omw to therapy AND reading @manylittlewords book that is now FREE on AMAZON. (Called Dear Laura) pic.twitter.com/aOdVYCp6bS
2020-02-12,HEAVY BREATHING https://twitter.com/jeffvandermeer/status/1227284650164400129Â â€¦
2020-02-12,Just downloaded!! Iâ€™m so freaking excited!!! pic.twitter.com/zX0b3VsPX3
2020-02-10,I'm feeling (manic) very motivated for nearly 8pm.
2020-02-10,How does one get over being embarrassed about oneâ€™s writing (like story wise) pic.twitter.com/iNIUgiw0LH
2020-02-07,You know nothing!!!!!
2020-02-07,This is so sick ğŸ¤¢ğŸ¤®
2020-02-07,Omg Iâ€™m surprised you arenâ€™t visiting today because itâ€™s snowing like a mother fucker. pic.twitter.com/uWMf2JkJO8
2020-02-07,The best possible Valentines plans
2020-02-07, pic.twitter.com/vVqYJX2XEO
2020-02-06,"I made a Pinterest for my mood boards, if anyone is interested:
 https://pin.it/aqi2csfeqikehnÂ  pic.twitter.com/8nGxMkdAu6"
2020-02-04,Yâ€™all..... I want choco-rooms. pic.twitter.com/6ds0dvUP6q
2020-02-04,Sarah Paulson as Hypodermic Sally: please step on me. pic.twitter.com/DNa8fM1Nme
2020-02-03,How many times is this new apartment going to try and fuck me on rent until I give up and live in my car? pic.twitter.com/RCkJ5TtA31
2020-02-03,Who wants a sketch? Show me your kofi receipt and Iâ€™ll draw you something on my lunch break! http://ko-fi.com/the_vvoidÂ 
2020-02-03,Right it makes no damn sense at all.
2020-02-03,Thatâ€™s some fuckin nonsense. Iâ€™m sorry pic.twitter.com/mEnfBHzdY1
2020-02-03,"Babe thatâ€™s not petty, thatâ€™s expecting basic human decency, which you should because you deserve it."
2020-02-03,I hate the people who are like â€œthereâ€™s no proofâ€ like???? She went to the police with tons of bruises?????????? pic.twitter.com/VbK9ULIcYD
2020-02-03,Like beating your head against an emotionally constipated wall.
2020-02-03, pic.twitter.com/QzWkCgXwY7
2020-02-01,Space prince ğŸ‘‘
2020-02-01,Gotta hype my amazing best friend!!!!
2020-02-01,AND NOW THAT YOUR ROOOSE IS IN BLOOOOOOOOOM pic.twitter.com/grmVw7njCP
2020-02-01,Other than the hair and the swimming this is like spot on.
2020-01-31,ğŸ™ŒğŸ»â˜ºï¸
2020-01-31,LOOK AT HIMS pic.twitter.com/LYH79cmlHb
2020-01-31,Fuck yeah! Haha that may be the most religious sentence Iâ€™ve ever written. pic.twitter.com/0PrPiQh5e6
2020-01-31,Me whenever my parents watch my dog: Can you send me a pic when you have a chance??? I just?? Want to see if heâ€™s still perfect???? Oh he is???? Perf. pic.twitter.com/hTuglo7zRv
2020-01-31,"Took the words right out of my mouth! 
(This is the only gif of it available lol) pic.twitter.com/YcvUPe7p2R"
2020-01-31,Just made up with a friend and it had broken my heart that we werenâ€™t talking so I guess what Iâ€™m saying is maybe god deserves rights. pic.twitter.com/urhmTaXwpL
2020-01-31,WITCHCRAFT https://twitter.com/JABBAWOCKEEZ/status/1223143498414641152Â â€¦
2020-01-30,WENDIGOOOOOOEEESSSSSS https://twitter.com/bserway/status/1222906353825603584Â â€¦
2020-01-30,Are they NOT?!?!
2020-01-30,Sigh. FINE.  https://twitter.com/gwschanges/status/1222730934316744704Â â€¦ pic.twitter.com/cP9MTuLSqD
2020-01-30, pic.twitter.com/hgKRgMyys6
2020-01-30,"First day back at work after a month and a half. More importantly, first time wearing jeans in a month and a half. pic.twitter.com/qP8mABTNU8"
2020-01-30,I like to live dangerously pic.twitter.com/uIaVirzyXL
2020-01-30,Just realized I left a candle burning all day while I was out. pic.twitter.com/vhPrktV3uf
2020-01-29,Who has cable and is tryna watch the puppy bowl with me??? pic.twitter.com/lE9hHxf78J
2020-01-29,"Since @isaacdraws1 posted his here, this is my #toonmechallenge pic.twitter.com/qXPxAU9BBi"
2020-01-29,Yasssss you look so good!!!!! pic.twitter.com/c6zrIiOE8N
2020-01-28,Just checked my mailbox and got a ton of medical bills for my outpatient treatment and my first short term disability payment..... for $100. The next and final one will be even less. pic.twitter.com/JpJEa6KTIt
2020-01-24,And so I can do the same for you pic.twitter.com/fVZYM38mu8
2020-01-24,Dude right. I feel like you and him need to live nearer to me so we can irresponsibly spend money on food always. pic.twitter.com/ErpecYvTMC
2020-01-24,@packblanther needs to get here bc damn it I am hungry. pic.twitter.com/q835xjtzuh
2020-01-24,This movie ruled! I was never a Goonies fan.
2020-01-24, pic.twitter.com/CE993ssXPs
2020-01-24,Shout out to @lavendrsblu for being an amazing friend and the most thoughtful person in the world. pic.twitter.com/YybKm2w7yy
2020-01-24,My short term disability for my leave hasnâ€™t come yet and my rent and bus pass money are due. pic.twitter.com/i3SDkGrcJX
2020-01-24,If anything... pic.twitter.com/S2amReWcF9
2020-01-23,I should get up and make rice for lunch but also.... no. pic.twitter.com/NI4SoxCaF3
2020-01-23,Cupcake is my favorite!!! https://twitter.com/ellle_em/status/1220369833071726593Â â€¦
2020-01-23,I got â€œdamsel in distressâ€ and I call bullshit.
2020-01-23,The gay is jumping out tonight guys. ğŸ˜ğŸ˜ğŸ˜ https://twitter.com/snitchery/status/1220066143995682816Â â€¦
2020-01-21, pic.twitter.com/V4etfyAuDk
2020-01-17,This is the kind of energy my friend group brings https://twitter.com/wrmboy/status/1217493938019491846Â â€¦
2020-01-17,This is canon now. Rise of Who? I donâ€™t know her. https://twitter.com/isaacdraws1/status/1217628958461702147Â â€¦
2020-01-17,Youâ€™re damn right she did. Slay bitch.
2020-01-17,Pittsburghers wearing their damn flip-flops in the snow will forever be my fave part of winter. pic.twitter.com/FhBrHhOcLo
2020-01-17,"Some girl snapped at me and one of my best friends offered to ritually sacrifice her. I guess what Iâ€™m saying is love is real, and Iâ€™m so happy sheâ€™s in my life. pic.twitter.com/d9LbhxQa1q"
2020-01-15,THANK YOU for tagging me! I just applied. pic.twitter.com/MhPMPceete
2020-01-14,@netflix
2020-01-14,Is this a movie bc I need to see it.
2020-01-14,YES THANK GOD https://twitter.com/ellle_em/status/1216866100450930688Â â€¦
2020-01-14,Couch two. pic.twitter.com/gDyKohUhyu
2020-01-14,"One of my best friends got the apartment she was hoping for, and Iâ€™m just so happy for her and her boo. pic.twitter.com/PtfAVQeHrv"
2020-01-11,"*horns blare*
Me: Iâ€™m not gonna do it.  Not gonna. Not toda-LETS GO GIRLS.â€ pic.twitter.com/QsGhuY3zir"
2020-01-09,Iâ€™m 110% down tbh.
2020-01-09,Oh? pic.twitter.com/UIbpcIuJ3h
2020-01-09,Uhhhhh do you need a roommate? Bc that house is GORGEOUS pic.twitter.com/uKbhLIuHht
2020-01-09,"My roommate screams at the neighbors when they walk down the hall, and likes to piss in corners. pic.twitter.com/WkdoYP7uMb"
2020-01-08,This is the cutest shit Iâ€™ve ever seen. https://twitter.com/ellle_em/status/1214532492117585920Â â€¦
2020-01-08,God damn it I want you to but I also canâ€™t wait to read your book.
2020-01-07,Pazpinvel! pic.twitter.com/uYVp2MQuNA
2020-01-07,Dame Bien by Mala RodrÃ¬guez is my winter jam ok. pic.twitter.com/O8k2U46F2x
2020-01-03, https://www.magiquiz.com/quiz/which-stranger-things-character-are-you/?utm_source=quiz&utm_medium=twitter&fb-share-results=1Â â€¦
2020-01-02,Yassssss so excited for you!
2019-12-31,"I forced myself to go to group today, and thatâ€™s something. pic.twitter.com/yCg7yfqFvt"
2019-12-31,If it helps I got the same thing.
2019-12-30, pic.twitter.com/65yU2sRYHo
2019-12-30,I think about this all the time. Like â€œoh wow look what Zeeblecorp wrote! They are so talented!â€ But normally itâ€™s like â€œgod I hate me and my creationsâ€ pic.twitter.com/o3pIi5dUzM
2019-12-28,I found where Iâ€™m going to move. https://twitter.com/taylorprobably/status/1210649011658674177Â â€¦
2019-12-28,Iâ€™m like actually laughing out loud again. A miracle. pic.twitter.com/Knire3VyfT
2019-12-28,If one more person makes me imagine the Palpa-peen... pic.twitter.com/ZCgZSXzTgC
2019-12-27,Oooo yes! One of my faves.
2019-12-27,Love it!
2019-12-27, pic.twitter.com/ATHnbeNfu9
2019-12-27, pic.twitter.com/FClIYrCk7a
2019-12-27, pic.twitter.com/thQGlS3bhL
2019-12-27, pic.twitter.com/Ti4qL6ksTS
2019-12-27,Wow ğŸ¤©ğŸ˜
2019-12-27, pic.twitter.com/J9ZTvHoP5s
2019-12-26,I do make this face a whole lot...
2019-12-26,You know just how to brighten my day. pic.twitter.com/hSAMCahYT5
2019-12-26,Did. Did you just show me Chris Hemsworthâ€™s dick????? pic.twitter.com/AgcFHrW9R7
2019-12-26,OK SERIOUSLY pic.twitter.com/ryEn2WSZ36
2019-12-26,Am I into this man or is he just tall: A Memoir pic.twitter.com/DBr3T81HVe
2019-12-25,I feel you.
2019-12-25,Yes! Would love a good dtiys challenge!
2019-12-25,"Anyone else have a #StarWarssona?
Yes, I realize this makes me a huge dork. pic.twitter.com/7wkDGJLYWR"
2019-12-24,Proud of you!!!!
2019-12-24,Iâ€™m saying! pic.twitter.com/p2gXbyvfMV
2019-12-23,UM  I WOULD BE HONORED!!!!!!!!!!!!!!!!! pic.twitter.com/iNIRE9EMVo
2019-12-23,Omg I love you guys ğŸ’™ğŸ’™ğŸ’™ pic.twitter.com/DPZJdMAMP1
2019-12-23,Why. WHY. pic.twitter.com/JaY2SOWWa2
2019-12-23,Iâ€™m not crying but Iâ€™m crying bc wow???? You are??? So??? Cute????? pic.twitter.com/pIQj6W6FVj
2019-12-23,I cry. pic.twitter.com/jrK0L6TLI8
2019-12-23, pic.twitter.com/Tp7yNtqqEu
2019-12-23,Depressed me: https://twitter.com/NatureisScary/status/1208947084335955969Â â€¦
2019-12-23,Itâ€™s definitely a â€œcry on the bus while listening to Johnny Cashâ€ kinda day. pic.twitter.com/OIxZkoz0XG
2019-12-23,"TAKE THE THRONE, GOOFY GOOBER https://twitter.com/nik_kng/status/1208641764187398145Â â€¦"
2019-12-20,Omg saaaame. I love Spotify pic.twitter.com/KzKE0YuNqT
2019-12-20,Ok Iâ€™m convinced.
2019-12-20,Me tonight pic.twitter.com/dY1CyN5RIo
2019-12-20,My brain is so disorganized even it doesnâ€™t know what the hell its doing. pic.twitter.com/jL8HFBU4Jq
2019-12-20,Me at sexy villains: pfft. What a jackass. I canâ€™t even. Wow........................ I want them to hatefuck me????? What???i?s??happ?en??ing???
2019-12-18,Iâ€™m so sorry buddy :(( if you wanna taco bout it Iâ€™m here.
2019-12-16,"As are you, madam!"
2019-12-16,"Itâ€™s from an insta story, but damn do I feel good about this pic. pic.twitter.com/fIAxbdpHtt"
2019-12-11,YES OMG pic.twitter.com/38yd5iaa6g
2019-12-07,What is a place like me doing in a girl like this? https://twitter.com/Syfyfangrrls/status/1202710503488921600Â â€¦
2019-12-06,Heck yes!
2019-12-06, pic.twitter.com/WdFVPv2r8e
2019-12-06,"PSA: if you and I have been nice to each other on the internet, we are friends. I DO NOT MAKE THE RULES. I JUST SUPPLY THE LOVE AND SUPPORT."
2019-12-06,"Woo #fixationlife 
Iâ€™m glad my fixation right now is painting bc some of the others have been A. TRIP. this decade. pic.twitter.com/JUSmiABYhc"
2019-12-06,Glow upppppooo
2019-12-04,First thing I thought of but with your face! pic.twitter.com/5oRzeaod5A
2019-12-04,"Ok whoever donated to me, first of all thank you SO SO SO SO MUCH and second, Iâ€™d love to sketch for you! Dm me for details! pic.twitter.com/Eq6ZAonljx"
2019-12-04,"Hey all, Iâ€™ve hit a rough patch with my life and health, so if you have a little giving in you, hereâ€™s the link. https://ko-fi.com/A0A819HV4Â "
2019-12-01,"I worked myself to the bone in my color theory class in college to get a neutral gray, and I literally just did it on accident... pic.twitter.com/ybQ6n8CLS7"
2019-12-01,My official winter wardrobe is large sweatshirts/long sleeve tees and leggings. pic.twitter.com/k3yaJgcBPs
2019-12-01,Darn you
2019-12-01, pic.twitter.com/tuuaLCfcoS
2019-12-01,Stop being so cute
2019-12-01,Ewwwwwwwwww pic.twitter.com/CDqHfT6psz
2019-11-30,"You are such a thoughtful, kind person!"
2019-11-29,"Itâ€™s me, Iâ€™m the aunt. https://twitter.com/TomZohar/status/1200124808781893632Â â€¦"
2019-11-29, pic.twitter.com/xKg8pI9ahU
2019-11-29, pic.twitter.com/aa9FHZolmQ
2019-11-29,Finally some good fucking food. pic.twitter.com/GGBQHuK3V5
2019-11-27, pic.twitter.com/rI3npSfgfw
2019-11-27,Iâ€™m literally going to be useless all day. pic.twitter.com/WdoSjaJ2f5
2019-11-27, pic.twitter.com/pZDInm9Cn6
2019-11-27,This. Is so accurate???? pic.twitter.com/9fMbZYPFvz
2019-11-25,I got u boo. I got you. ğŸ’–ğŸ’–ğŸ’–
2019-11-25,I didnâ€™t even make it through the tweet-his fucking ARMSSSSSSSSS. ğŸ˜ğŸ˜ https://twitter.com/VancityReynolds/status/1198950566719840256Â â€¦
2019-11-25,"You gotta chart it out. How much of the pie is Jason? How much is chidi? Eleanor? Michael? 
I also have bougie Tahani energy but itâ€™s less than the anxiety and trash bag-ness."
2019-11-25,Iâ€™m deffo Chidi and Eleanor.
2019-11-25,I wish I were this woman.
2019-11-25,And I thought I couldnâ€™t love him more.
2019-11-25,I feel you
2019-11-25,Itâ€™s not too late! Come to Pgh!
2019-11-24,That makes my heart happy. Let your lovely bride know Iâ€™m open to painting her one too ;)
2019-11-24,"Awe yay!!!! Iâ€™m glad you like it! Like I said, please feel free to use if you want. Iâ€™d be honored to have designed your dress. :))"
2019-11-24,Sorry forgot to tag u @lavendrsblu
2019-11-24,"Ok ignore the color cuz I donâ€™t have my shinies with me but: lots of ruffles, high lo skirt, butterfly bow in front too top layer is cut so it looks like the tops of Wings pic.twitter.com/muUiH8zFJC"
2019-11-24,Hmmm let me paint about it.
2019-11-24,Also if you do (youâ€™re probably joking) but if you do! I must see pics!!!! ğŸ’–ğŸ’–ğŸ’–ğŸ’–
2019-11-24,"Yes, and if you find a seamstress that can make it YES."
2019-11-24,Dream dress pic.twitter.com/jKG2xEmTes
2019-11-23,Is this a Nicki Minaj lyric
2019-11-19,Omg baby Isaac!!!!!!!!! pic.twitter.com/uEMMMRTS2F
2019-11-15,Right back at you!!!!!
2019-11-15,#NewProfilePic pic.twitter.com/NI94uJHFHd
2019-11-15,*heavy breathing*
2019-11-13,"Bears. All the bears. We wouldnâ€™t need battle bc everyone would be shit scared of â€œthe bear lady.â€ Jokes on them, bc we would have bomb ass tea parties."
2019-11-05,Iâ€™m also accepting death by animal uprising.
2019-11-04,A friend got in a fight yesterday and has a massive shiner..... and I respect them even MORE?!!??? pic.twitter.com/iDVS7c9bk5
2019-11-04,"Welp, it was a fun dream. pic.twitter.com/lnJ9qEaw60"
2019-11-02,"God damn it Jeff, Iâ€™m so broke 
*clicks preorder* https://twitter.com/jeffvandermeer/status/1190639960287784961Â â€¦"
2019-11-02,When youâ€™re so cute you make chucky look good ğŸ˜ https://twitter.com/tinasheesh/status/1189914399777206272Â â€¦
2019-11-01,Wow they really said fuck them kids with their whole chest. Is this the hunger games?
2019-11-01,Last year vs this year ğŸ˜‚ğŸ˜‚ğŸ˜‚ pic.twitter.com/tJfXIhNSlg
2019-11-01,"I got a lot of shit today from people who â€œhate #Halloweenâ€ and think dressing up is â€œimmature,â€ and I stg itâ€™s the same people who will shove their holly-coated Christmas cock down my throat every year. Let people enjoy things. pic.twitter.com/FrvNPtmBWy"
2019-10-31,Bitch we love this for you!!!!
2019-10-31,How am I supposed to focus when #Halloween is my Christmas??? I need to be free! pic.twitter.com/d9frzxU0st
2019-10-31,Sheâ€™s that spooky girl. pic.twitter.com/hcevt7GixC
2019-10-31,Yeah itâ€™s time. pic.twitter.com/i4tiDcnitx
2019-10-31,"God dammit man, I havenâ€™t even had my coffee."
2019-10-31,Proud of you!
2019-10-31,POINTS. WERE. MADE. https://twitter.com/lannibitch/status/1189722805887262720Â â€¦
2019-10-31,We love this for you
2019-10-31,Downtown Pittsburgh https://twitter.com/NatureisScary/status/1189725429491482629Â â€¦
2019-10-31,Thread of the utmost horror https://twitter.com/CSPstuff/status/1189679744520015874Â â€¦
2019-10-31,"You can see the road that they walk on is paved in gold
And itâ€™s always summer, theyâ€™ll never get old
Theyâ€™ll never get hungry, theyâ€™ll never get old and gray 

Where were they going without ever knowing the way? pic.twitter.com/dMYaamHlu5"
2019-10-30, pic.twitter.com/KUgJY1BFsg
2019-10-30, pic.twitter.com/jYLSjPxxRV
2019-10-28,Hahaha you were so fucking confused.
2019-10-27,MAâ€™AM
2019-10-26,Mexico is fun but very moist and hot. pic.twitter.com/JAUS4UgGxR
2019-10-24,Who is this rad dad https://twitter.com/packblanther/status/1186996896189046784Â â€¦
2019-10-22,"Hell yes girl, you get that creativity."
2019-10-21,"Yes, absolutely!!!!!!"
2019-10-20,Dennis Oâ€™Hare as Liz Taylor in AHS Hotel was THAT bitch. pic.twitter.com/kpDoEKvNsk
2019-10-20,We all hope youâ€™re okay and are sending love. ğŸ’–ğŸ’– pic.twitter.com/nEagSscfeU
2019-10-20,This is the kind of love we all strive for. https://twitter.com/mayticks/status/1185750466098950144Â â€¦
2019-10-20,A true king. https://twitter.com/isaacdraws1/status/1185652655542165504Â â€¦
2019-10-20,Anybody need some beautiful cats?? https://twitter.com/MorrisAnimal/status/1185741766219182082Â â€¦
2019-10-20,Do... do they know what ghosted means? https://twitter.com/AaronsInc/status/1185571306454028288Â â€¦
2019-10-19,"Next time girl, next time. pic.twitter.com/L1dX24cJPE"
2019-10-19,Peak Karen energy. pic.twitter.com/rtizCiFGbK
2019-10-19,Bitch come to Mexico with meeeee. Iâ€™ll hide u in my purse.
2019-10-19,@ straight girls: blink twice if you need help. https://twitter.com/SheRatesDogs/status/1185284772496494592Â â€¦
2019-10-19,Right fuckin here! https://twitter.com/sixofjosten/status/1184835565256085505Â â€¦
2019-10-19,Truth!!!!!
2019-10-19,This is the first hot girl pic Iâ€™ve gotten this year.
2019-10-19,Actually? Itâ€™s Madame.
2019-10-19,"I strive to be as effortlessly glamorous as you, darling."
2019-10-19,"Hot Girl Autumn

 (robe by brettmanning on insta) pic.twitter.com/d9Wp28wCeE"
2019-10-18,LOL Right.
2019-10-17,HARD same. pic.twitter.com/RxQT91sJ4T
2019-10-16,"Me: I think Iâ€™ll be able to focus today. 
My anxiety: pic.twitter.com/OhSKKsKytF"
2019-10-16,OMG I WAS ALSO THINKING OF MINDHUNTER
2019-10-16,This sounds like the discovery of a serial killer or something????
2019-10-16, pic.twitter.com/FwpjIN7hOb
2019-10-14,Ok I donâ€™t know you but I would die for Tabasco and Josie.
2019-10-14,Important thread! https://twitter.com/LouisatheLast/status/1183479941142323202Â â€¦
2019-10-14,"â€œJust relax!â€
Me:  https://twitter.com/marsupialpuddng/status/1183697312096251910Â â€¦ pic.twitter.com/wkmz5SmqNU"
2019-10-12,I do! Mine helps me a lot with relaxing and sleep. Iâ€™ve hunkered down and survived many anxiety attacks under that thing.
2019-10-12, pic.twitter.com/33pAu847eK
2019-10-11,This is... disappointing.
2019-10-11, pic.twitter.com/HjJvYTgETb
2019-10-09,"So the game of reality, really. https://twitter.com/LindsaySmithDC/status/1181304094646050817Â â€¦"
2019-10-09,Rewatching AHS and damn is the bloody face mask scary. Good job. pic.twitter.com/8J2drtBndg
2019-10-09,Wow what an absolute fuckass
2019-10-09, https://twitter.com/rosalarian/status/1181674988383997953Â â€¦ pic.twitter.com/KyNQWGLFQZ
2019-10-09,But....
2019-10-09,Yessssss congrats on the milestone!!!
2019-10-08,Chewy sour Nerds. https://twitter.com/cmclymer/status/1181362394293002240Â â€¦
2019-10-08,Hmu when you need more ink ğŸ˜‰ğŸ’—ğŸ’—
2019-10-08,Btw here is a random #pinktober pic.twitter.com/lii6EY1YZ5
2019-10-08,"Peeps, I am open for business, you tell me what you want and I can make it happen. And I would be honored to have my art on your physical beings!!!!"
2019-10-08,You rebel you ğŸ˜
2019-10-08,"Be careful, cuz Iâ€™m gonna marry you if you keep saying such lovely things!!!!!!"
2019-10-08,Iâ€™m crying????? https://twitter.com/slutukulele/status/1181607020950106113Â â€¦
2019-10-08,That is legitimately the best compliment Iâ€™ve ever gotten!!! Thank you so much ğŸ’–ğŸ’–ğŸ’–
2019-10-08,#Inktober updates: Enchanted and Frail. Follow my insta for more plus little stories!!! pic.twitter.com/JrdnAo7FeG
2019-10-08,I feel like I physically cannot eat and itâ€™s so unlike me? I think itâ€™s my medication but damn.
2019-10-07,Also here are my favorite inktober pieces so far: pic.twitter.com/V3pqlaPcnw
2019-10-07,"Tomorrow I have to call my doctor, my landlord, and Kohlâ€™s Corporate bc of all the shenanigans today and I may go full Karen. pic.twitter.com/KLm04wHKdc"
2019-10-06,Just move the mouth lollll
2019-10-06,So pretty!!!!!
2019-10-06,Oh my gosh I love you too! Thank you for this beautiful message. Iâ€™m so glad we became friends â¤ï¸â¤ï¸â¤ï¸â¤ï¸â¤ï¸
2019-10-04,"Me: itâ€™s casual Friday! Iâ€™m going to wear my comfy light gray sweater! 
Work: weâ€™re tye-dying shirts today
Me: ğŸ˜«ğŸ˜«ğŸ˜«"
2019-10-04,"Xena, The X-Files (Scully), and Voyager (Seven of Nine) https://twitter.com/Kristen_Arnett/status/1179516846686560256Â â€¦"
2019-10-04, pic.twitter.com/C0iQHbcpL0
2019-10-02,Alan Cummings
2019-10-02,"The murder I would commit, lemme tell you."
2019-10-01,Perfect! pic.twitter.com/Ihrq3y4ty9
2019-10-01,"To be fair, up until now Iâ€™ve been terrified of singing in public bc I hate my voice and itâ€™s bad."
2019-10-01,Wow well.... puppy cuddles??
2019-10-01,I always get soy milk in mine and it tastes better. But itâ€™s still mediocre.
2019-10-01,"Ah. Theyâ€™re that kind of people. 
Is there a way to frame it like youâ€™re taking charge and more responsibility? Like youâ€™re doing them a favor?"
2019-10-01,"What I would do is suggest an alternative. People like solutions. Like for Zu if he does something, I will put him somewhere quiet (a room, where he can move around) and let him be calm. It helps a lot."
2019-10-01,"God, right???? She gives me shivers. pic.twitter.com/2vJae1LzBg"
2019-10-01, pic.twitter.com/cqH0K7jzIw
2019-10-01,Wasnâ€™t hobby lobby also anti-lgbt+??
2019-10-01,The female gaze https://twitter.com/birdsofpreywb/status/1178701093481545728Â â€¦
2019-10-01,"I need it to be known that I would die for Sarah Paulson and her excellent Fiona Apple cover. If you disagree, unfollow me. pic.twitter.com/pBiFVXgpNQ"
2019-10-01,I never would have guessed itâ€™s not your native language! Youâ€™re amazing!
2019-10-01,Seriously who is going to karaoke with me so we can belt out our feelings through Ms McLaughlinâ€™s discography pic.twitter.com/iOLZLU2qdE
2019-10-01,Why does Building a Mystery slap so damn hard. pic.twitter.com/8yXH5DbLv7
2019-09-30,"Thank god, I thought something was wrong with me"
2019-09-30,Oh god. Wen. I cried so much. pic.twitter.com/MTjnFSCnsA
2019-09-30,I definitely didnâ€™t see the end coming. It really locked in the theme.
2019-09-29,He is the sweetest lil bean!!!!
2019-09-29,Thanks I hate it! Haha
2019-09-29,I swear to god this is a quote from that Hulu movie â€œPure.â€ ğŸ¤¢ğŸ¤®
2019-09-29,What movie is this?
2019-09-29,"When you know, you know. Thatâ€™s how I got this one. pic.twitter.com/HoB54gZtSj"
2019-09-28,Word.
2019-09-28,"Do I â€œwe have food at homeâ€ myself, or order something bc fuck it we will all die one day??? pic.twitter.com/BImWfZv8vv"
2019-09-28,Youâ€™re a goddesssss
2019-09-28,Maâ€™am....
2019-09-27,These stickers are so gorgeous and holo makes me so happy!!!!! pic.twitter.com/AmrFCPtMVN
2019-09-27,Iâ€™m watching Pure on Netflix and I canâ€™t wait for Lilith to come fuck all these dickheads up. pic.twitter.com/RJUy8bvfbz
2019-09-25,Debbie said gay fucking rights!!!!
2019-09-25,Why is Billy Eichner so fucking sexy????? pic.twitter.com/DuM3m4VddU
2019-09-25, pic.twitter.com/9FKZ9ut5tS
2019-09-25,A work of art. https://twitter.com/packblanther/status/1176308134111039489Â â€¦
2019-09-23,Yeah this one got me. I physically gasped when she came on screen. pic.twitter.com/5wrTKUbjov
2019-09-23,"A Simple Favor, or as I like to call it â€œBlake Lively Please Step on Meâ€"
2019-09-22,Iâ€™m 28 and I donâ€™t have a table. https://twitter.com/FeministaJones/status/1175236832541343746Â â€¦
2019-09-21,Brainless
2019-09-20,Ughhhhhhhhhhh the worst
2019-09-20,I use this!!! I love it so much.
2019-09-19,"The Jehovahâ€™s Witnesses were founded in Pittsburgh. 
My city..... has failed me."
2019-09-18,Itâ€™s so comfy!! I got it on BoxLunch.
2019-09-18, pic.twitter.com/NSio9cMohO
2019-09-17, pic.twitter.com/yO3iQRD4Yt
2019-09-16,This is how you always look to me
2019-09-15,I love that series. It distorts@your reality man
2019-09-15,I was legit upset for a moment like ahhhhhhHHHHHHHHH HOW DO?!
2019-09-15,"Me, freaking the fuck out: who filmed this??!!?!!?
Also me: a drone. Theyâ€™re called drones. https://twitter.com/Unexplained/status/1169712807752929280Â â€¦"
2019-09-15,"Annihilation
A Head Full of Ghosts 
American Elsewhere 
The Power
The Last Time I Lied https://twitter.com/cxorlando/status/1172234836720984066Â â€¦"
2019-09-15,This hurts. I just. pic.twitter.com/zz6gerujzC
2019-09-12,If it shaves my legs too Iâ€™m IN https://twitter.com/Slade/status/1171488402123845632Â â€¦
2019-09-12,Omg my mumâ€™s a Poirot gal too!! Iâ€™ve seen so many.
2019-09-11,Twas a simpler time.
2019-09-08,LOUDER https://twitter.com/MonsterPageant/status/1170465899993690112Â â€¦
2019-09-08,Is this a flapjack reference?
2019-09-08,"Honestly itâ€™s creepy but not terrifying. Like itâ€™s a thinker, VERY good."
2019-09-08,Ya know PGH has some cool events.......
2019-09-07,Me unless thereâ€™s good mac n cheese
2019-09-07,Hell yes girlğŸŒŸğŸŒŸğŸŒŸ
2019-09-06, pic.twitter.com/1DYpHQFHVp
2019-09-04,WHY IS THIS SUCH A HARD CONCEPT https://twitter.com/cottoncandaddy/status/1168579494501728256Â â€¦
2019-09-03,6.... lol
2019-09-03,WOWWW. Just wow. Wow.
2019-09-02,Haha for reallllll
2019-08-31,ğŸ˜ğŸ˜ğŸ˜ğŸ˜ What a cutie!!!!!!!
2019-08-31,"Iâ€™m out of the house, where is my reward pic.twitter.com/45zi7l2l4D"
2019-08-31,Feel better buddy!!!! pic.twitter.com/HgJM8DWCS0
2019-08-31,The first! The yellow really pops.
2019-08-31,Yes but worth it.
2019-08-31,"It does!!  I do not make playlists much, so I thought I could give it a shot. Iâ€™m tired of such a limited library."
2019-08-31,Cupcake and Rhea!!!!!
2019-08-31,Does anyone else use Apple Music and do you feel it is worth it??
2019-08-31, pic.twitter.com/JgV8EsE1wQ
2019-08-29,Oh my yes
2019-08-29,RIGHT. Guess Iâ€™m buying a phone case. pic.twitter.com/Pj7HY3Gs3Z
2019-08-29,It says coming soon but theyâ€™re OUT pic.twitter.com/E2ysUxJOoi
2019-08-29,@odafins have you seen the Lisa Frank Casetify phone cases?!!!!!
2019-08-29,"The slow degradation of my mind from severe depression, anxiety, medication, etc."
2019-08-28,I want to work in a haunted bookstore.
2019-08-28,When I cry my dog licks my face and nuzzles me and itâ€™s so comforting. pic.twitter.com/iBrrVQhw6j
2019-08-27,Ugh boy bye
2019-08-27,SOOOO CUUUUUTE!!!!!! ğŸ’–ğŸ’–ğŸ’–ğŸ’–ğŸ’—ğŸ’—ğŸ’—ğŸ’—ğŸ™ŒğŸ»
2019-08-27,Omg I canâ€™t wait to see
2019-08-27,He misses you too! Heâ€™s super mad at me bc Iâ€™ve been working late. ğŸ˜©
2019-08-27,Iâ€™m a Libra and thatâ€™s why I gotta get it out. https://twitter.com/sawyersdecker/status/1134793410408091648Â â€¦
2019-08-27,Also Iâ€™m a huge fuckin mess rn but hereâ€™s Zu and Bu in shark hats. pic.twitter.com/eQ1RJy2qo6
2019-08-27,Today my coworker brought me a butterfly wing she found on her porch and I almost cried???? She said it reminded her of me! pic.twitter.com/hU5J9SWtx3
2019-08-27, pic.twitter.com/kB49lhCkur
2019-08-26,The new James Bond movie looks insane https://twitter.com/ProZD/status/1165708271921090560Â â€¦
2019-08-26,My girl Kelly Marie looking AMAZING https://twitter.com/isaacdraws1/status/1165440061363695617Â â€¦
2019-08-25,Mmmf https://twitter.com/mo_writes/status/1164618209343004672Â â€¦
2019-08-24,"No, youâ€™re just growing as a person lol"
2019-08-24,I can only imagine tbh. I hate him
2019-08-24, pic.twitter.com/fiIjXMXn7U
2019-08-24,You deserve the moon and all the stars!ğŸ˜ŒğŸŒ˜ğŸŒŸ
2019-08-24,This is so damn cute.
2019-08-24,The cutest person https://twitter.com/odafins/status/1165041863566360576Â â€¦
2019-08-24,Donâ€™t let her hear you!
2019-08-23, pic.twitter.com/syhxUawxPQ
2019-08-23,Champion. pic.twitter.com/jXjYsW4SMX
2019-08-23,Gad DAMN
2019-08-23,Iâ€™m almost there again!!!
2019-08-23,Hahahahaha pic.twitter.com/TzsMuDKWPW
2019-08-23,Those braids ğŸ˜ğŸ˜ğŸ˜
2019-08-23,Dude I know. I aged like a grape ğŸ˜‚ğŸ˜‚ğŸ˜‚
2019-08-23,BABYFACE
2019-08-23,Looking old and dusty ğŸ¤£ğŸ¤£  https://twitter.com/alliemichelle95/status/1163843458290921472Â â€¦ pic.twitter.com/muI2AHnG3D
2019-08-23,Reminds me of @odafins for sure https://twitter.com/genesupernova/status/1164580275923410944Â â€¦
2019-08-20,"Iâ€™m sorry, we could have had THIS Peni??????? https://twitter.com/reuelgomezbaez/status/1163781306322509825Â â€¦"
2019-08-20,A Head Full of Ghosts!
2019-08-19,I want so badly to move to Arizona.
2019-08-18,Wait like. What was wrong with the meat.
2019-08-18, pic.twitter.com/zbp4VH2NVF
2019-08-18,ğŸ”¥ğŸ”¥ğŸ”¥
2019-08-17,@odafins is this u
2019-08-17,Crossover where the Stranger Things kids and the Typewriter kids solve a paranormal mystery.  @netflix letâ€™s get this bread.
2019-08-15,..... feeling very called out lol
2019-08-15,Heâ€™s beautiful and they can all fuck off. Period. https://twitter.com/IndieWire/status/1161267409065521154Â â€¦
2019-08-15,I am all over this!!!! @packblanther did you see this???? https://twitter.com/lastchristmas/status/1161487836182405120Â â€¦
2019-08-15,Ceiling chicken pic.twitter.com/7C0kBuG1jm
2019-08-14,Whoa itâ€™s all you
2019-08-14,Why does the school officer have an AR-15. Why.
2019-08-14,Thank you for making my entire morning lol
2019-08-14,Omg I would see this!!!!!!!!!
2019-08-14,Iâ€™m predictable lol
2019-08-14,Is this... did this used to happen? They would pay you more and not just grind you till there is nothing left?????? pic.twitter.com/65wP1fxiQn
2019-08-14,7.... pic.twitter.com/ph4EaVPX17
2019-08-14,And you as well! â¤ï¸â¤ï¸ğŸ˜Š
2019-08-14,This is adorable and gave me seratonin.
2019-08-14,Omg I would think you were kidnapped AND being tortured!
2019-08-14,No. pic.twitter.com/jH5BGaUgBd
2019-08-14,Heâ€™s so pretty
2019-08-14,Thatâ€™s right and you should say it.
2019-08-14,Is at Bria rn pic.twitter.com/rPYGRGi7Nt
2019-08-14,I think we can all agree about the Brussels sprouts. pic.twitter.com/YyqvPrcpWr
2019-08-14,Like all good things yes.
2019-08-14,You invoked my full name and you will feel the appropriate wrath! pic.twitter.com/xgdBr2NMG9
2019-08-14,Bleu cheese is good and everyone else is wrong pic.twitter.com/a4poxNx6OZ
2019-08-14,Fight me Sabria pic.twitter.com/iG04tmWEzs
2019-08-14,............ pic.twitter.com/W7xCbleF9B
2019-08-14,I eat them with the sauce they come with LIKE GOD INTENDED.
2019-08-14,"Oh god, thereâ€™s MORE OF YOU pic.twitter.com/M3luN6uXya"
2019-08-14,I trusted you. pic.twitter.com/lMpJR4jU91
2019-08-14,I sure do love Ranch dressing https://twitter.com/ProZD/status/1161134812196831232Â â€¦
2019-08-13,This would be cool
2019-08-13,Journeying to a far off city to find the people who massacred my tribe. https://twitter.com/wasabibuns/status/1160741270504927232Â â€¦
2019-08-12,"Honestly I was very disappointed in The Exorcist as a novel. But yeah Iâ€™m comparison itâ€™s worse. This is so empathetic and emotional, very uncertain.  I loved it."
2019-08-12,Who else was positively destroyed by Head Full of Ghosts by Paul Tremblay? pic.twitter.com/T09xQv2wu2
2019-08-11,"Young and Restless Frankenstein
#AddAWordToSciFiMovieOrTV pic.twitter.com/h4TjdeijQ5"
2019-08-11,This Gilliganâ€™s Island Earth #AddAWordToSciFiMovieOrTV
2019-08-11,Blade Carpet Runner  #AddAWordToSciFiMovieOrTV
2019-08-11,Star War of the Worlds  #AddAWordToSciFiMovieOrTV pic.twitter.com/XJin1jOVAu
2019-08-11,Get Lost in Space  #AddAWordToSciFiMovieOrTV pic.twitter.com/xgqgMgSENM
2019-08-11, pic.twitter.com/YTUjKW07AA
2019-08-11,ğŸ˜ğŸ˜ğŸ˜ğŸ˜ğŸ˜ğŸ˜ğŸ˜ğŸ˜
2019-08-11,This is the best compliment Iâ€™ve ever gotten ngl
2019-08-11,You know me too well.
2019-08-11,Secrets out. I have a huge cock and a separate account for it.
2019-08-11,"Iâ€™m a DESIGNER
Most of my job is ALIGNING THINGS 
My DOG is my BEST FRIEND 
I have DEPRESSION, ANXIETY, and a MOOD DISORDER
I like CARBS 
If you donâ€™t like it then PLEASE DONT LEAVE GOD IM SO ALONE https://twitter.com/DavidGilbertCCM/status/1159189747589189632Â â€¦"
2019-08-11,Omg is it out?!?!?!??
2019-08-09,Bandwagon pic.twitter.com/gQ8C15SSge
2019-08-09,Couture https://twitter.com/odafins/status/1159303450854694912Â â€¦
2019-08-09,"New Fears
The Power
American Elsewhere 
Children of Time
The Anomaly https://twitter.com/ellle_em/status/1159450566801743872Â â€¦"
2019-08-09,Louder. https://twitter.com/slutukulele/status/1159440661214650368Â â€¦
2019-08-09,They wanna do what now???
2019-08-08,I am double horrified
2019-08-08,Bumble here!
2019-08-07,Itâ€™s the 2019 mood of the year
2019-08-07,"Me: exhausted, hyped on caffeine, ate a crappy breakfast, back and legs hurt: W O O. lEtS gEt ThIs BrEaD!!!!!! Rise and grind! ğŸ˜¤ğŸ˜¤ 

1 miniscule problem: occurs 

Me: pic.twitter.com/WFWmS1fBSl"
2019-08-07,The prophecy is being fulfilled!
2019-08-07,Iâ€™m so hype for you
2019-08-06,*multitasking
2019-08-06,AND FOR WHAT. Iâ€™m so angry. I wanna punch Ross in the face.
2019-08-06,Rhonda Mumps appreciation tweet. ğŸŒ­ğŸŒ­ğŸŒ­ https://twitter.com/nbcthegoodplace/status/1158490331291107328Â â€¦
2019-08-06,Hi I just found out they cancelled #TheOA so if that isnâ€™t the cherry on top of the shit cake that is this day
2019-08-06,Seriously this is bullshit. Itâ€™s such a creative and amazing show. Like this season was incredible!!!!
2019-08-06,Are they trying to cancel The OA?!?!?!!?!?? NO.
2019-08-06,My sister and I were just saying this!!! Butter emoji or we riot!
2019-08-05,I tucked him in this morning bc he was a sleepy bear.  ğŸ’™ğŸ’™ğŸ’™ pic.twitter.com/BcoXLqSCsP
2019-08-05,Eyyyyy pic.twitter.com/3TRQtIaHN9
2019-08-05,"It fits, believe me ;)"
2019-08-05,Thank you!
2019-08-04,Pazuzu hopes you feel better pic.twitter.com/kOYsvVThIE
2019-08-04,This is so beautiful! Does she have an Instagram or anything?
2019-08-04,"If I order the same food for the third time in a row, is that insanity? Or is their quest just really fucking good?"
2019-08-04, pic.twitter.com/TOSIvB62vb
2019-08-04,Thinking of you and sending love! pic.twitter.com/KdaXmjZIGm
2019-08-04,"I just picked up the entire apartment AND fully cleaned the bathroom. 

Not bad for a girl with no seratonin."
2019-08-04,ğŸ¤£ğŸ¤£
2019-08-04, pic.twitter.com/zGa8s7Kgs9
2019-08-04,THE HAIR ğŸ˜ğŸ˜
2019-08-04,Did someone say Romcom??? pic.twitter.com/XE1NWvsD4g
2019-08-03,*hot dad
2019-08-03,Cuddlebug pic.twitter.com/GsQkxtNkJO
2019-08-02,Also I had an amazing drawing date with my beautiful girlfriend. pic.twitter.com/3xcXV7ReUP
2019-08-02,A coworker quit today and I got back to my office and shriek-laughed out of insane jealousy.
2019-08-01,This makes a lot of sense
2019-08-01,Sweetface ğŸ˜ŠğŸ˜Š https://twitter.com/ANDREW1ALBERTT/status/1156656746741587970Â â€¦
2019-08-01, pic.twitter.com/qTa8jDuqJe
2019-08-01,Wanna dm that link? ğŸ‘€ğŸ‘€
2019-08-01,You have to appreciate the beauty https://twitter.com/SlaylerJ/status/1156696740617080833Â â€¦
2019-07-31,"Not to get too personal, but I ALWAYS get my period during #SharkWeek pic.twitter.com/TIxSnXgo0h"
2019-07-31,"Animorphs
The Secrets of Droon 
Juniper 
#3FaveBooksWhenIWasAKid"
2019-07-31,This is the hardest thing!!!! https://twitter.com/sarahmcgphoto/status/1156303962238259200Â â€¦
2019-07-30,Sinking Back Into Suicidal Ideation Girl https://twitter.com/ThatEricAlper/status/1155953759610032129Â â€¦
2019-07-29,Season Four: The Return of Barb.
2019-07-29,This is the kind of hot girl summer i want. https://twitter.com/EwdatsGROSS/status/1155669669908553729Â â€¦
2019-07-29,This takes â€œhorse girlâ€ to an entirely new dimension. https://twitter.com/slimyswampghost/status/1155595593307316226Â â€¦
2019-07-27, pic.twitter.com/UM2cP3oXvI
2019-07-27,Being nigh translucent I can tell you: it is like painful molting.
2019-07-27,My dream job https://twitter.com/yashar/status/1154939707081527296Â â€¦
2019-07-27,Bad Janet is hot. I want to speak into her mouth. pic.twitter.com/aryONbKSIU
2019-07-27,Itâ€™s iconic
2019-07-26,I was like â€œha oh yeah rightâ€ and retweeted but ARE PEOPLE REALLY THIS GROSS????
2019-07-26,Wait. Are people not saying this as a joke????? Like they honestly believe itâ€™s a feel good?????? What????? pic.twitter.com/rgWAxmZrhq
2019-07-26,"In case anyone is interested: 
Eph: @SiwelP 
Fet: @TheAtticus 
Nora: @Addison_Peacock 
Sardu: @CummingsDG"
2019-07-26,Iâ€™m reading The Strain series and picturing the character voices as voice actors from @NosleepPodcast
2019-07-26,He is a dope baker.
2019-07-26,Catch me in a dirty sweatshirt gripping my coffee with murder in my eyes. https://twitter.com/allegraringo/status/1154125701018075136Â â€¦
2019-07-26,I hope so too beech!
2019-07-26,I did it once and bitches werenâ€™t grateful enough. So I said fuck em.
2019-07-26,Bitch yes. YES. pic.twitter.com/zYKhhsNEhP
2019-07-26,"Mikleven (pronounced like McLovin), maxus, Nanjon, and Bunpoo https://twitter.com/Stranger_Things/status/1154526745208528903Â â€¦"
2019-07-26,The fun thing is it doubles as a Will Byers costume if you close the robe. https://twitter.com/beebinch/status/1154426474935541762Â â€¦
2019-07-24,I.... did not know this but it makes sense
2019-07-24,"When you feel your paranoia rearing itâ€™s slimy, twisty head and you know itâ€™s going to be A DAY. pic.twitter.com/sWQUXQ2yOW"
2019-07-24,This is definitely why I do it. Nose s SWOLE AF https://twitter.com/Staggfilms/status/1153767320214482944Â â€¦
2019-07-24,The BOW ğŸ¤©ğŸ¤©
2019-07-23,Hi I feel burnt out. pic.twitter.com/O6zFxjpiLh
2019-07-23,My god. She has transcended.
2019-07-23,Cza. I bet Iâ€™m fancy.
2019-07-23,"Theyâ€™re both in the same pic, that counts right? pic.twitter.com/bbJaMaKRZV"
2019-07-23,Fucking THANK YOU Iâ€™m so over this.
2019-07-23,The life I want. https://twitter.com/slutukulele/status/1153687118050467840Â â€¦
2019-07-23,The cutest bestest of friends! https://twitter.com/packblanther/status/1153464294316679169Â â€¦
2019-07-21,"Therapist: And what do we do when we feel loss of control?
Me, buried in a mound of books: ...
Therapist: ooh boy."
2019-07-21,One of my first crushes
2019-07-21,SEVEN OF MOTHERFUCKING GODDAMN NINE https://twitter.com/StarTrek/status/1152671148372480001Â â€¦
2019-07-21,Yas bitch you gotta!!!
2019-07-21,"Itâ€™s thirty fucking dollars, live your best life!"
2019-07-21,Omg you look great!!!!!!
2019-07-21,ğŸ˜¬ yeah thatâ€™s not a great feeling.
2019-07-20,Seems like youâ€™re having a mixed day.
2019-07-20,I love it. Dressed up with heels and jewelry it looks just right!
2019-07-20,Youâ€™re kinda my hero.
2019-07-20,Listen to me. LISTEN. I fUCKING. LOVED. THIS. SHOW. https://twitter.com/PaulTobin/status/1151958559434801152Â â€¦
2019-07-19,Thank you friend ğŸ’›ğŸ’›
2019-07-19,"I just wanted to relax, but no, bc Iâ€™m a fucking idiot I went to the wrong theater and now we wonâ€™t make the movie and her tickets are not refundable."
2019-07-17,The next person who asks for something â€œout of the box!â€ Is getting clown penises all over their project. pic.twitter.com/cB6mrM3mD1
2019-07-17, pic.twitter.com/P32RWfULFb
2019-07-17,I have completed my challenge of 35 books!  https://www.goodreads.com/user_challenges/15023380Â â€¦
2019-07-17,So I injured my tit and for it to heal I have it hanging out of my shirt like an Amazon warrior.
2019-07-16,Thank youuu ğŸ˜ŠğŸ˜ŠğŸ˜Š
2019-07-16,ğŸ˜ŠğŸ˜ŠğŸ˜ŠğŸ˜Š
2019-07-16,We already made plans for date #2 and I canâ€™t wait! ğŸ˜ŠğŸ˜ŠğŸ˜ŠğŸ˜ŠğŸ˜Š
2019-07-16,"My date was amazing, she is the dreamiest. Also I was a big dork and we took a first date selfie. ğŸ˜ŠğŸ˜ŠğŸ˜Š pic.twitter.com/tANgVdhH7G"
2019-07-16,"OK, had a good cry while walking the dog and am now on the way to my date with cute artist girl. Wish me luck! pic.twitter.com/l1hfw4dP8q"
2019-07-15,YOU HAVE BEEN BLESSED
2019-07-15, pic.twitter.com/E5vz27MKZN
2019-07-14,Thatâ€™s some committmemt and I commend you for it.
2019-07-14,That makes more sense. I feel sorry for her tbh. Chinese is so good.
2019-07-14,..... hOW?
2019-07-14,UM?!?!?!!
2019-07-14,I didnâ€™t expect the perfection to be so gay but I am HERE. FOR. IT.
2019-07-13,My hand shakes are so bad today I almost DROPPED my dang ole dipping sauce. It wouldâ€™ve RUINED THE MEAL.
2019-07-12,This is such a fun summer look!!! And you are a babe!ğŸ’—ğŸ’— https://twitter.com/odafins/status/1149463811629277184Â â€¦
2019-07-12,lol so we should get married so you can hop on mine then?
2019-07-12,Another year of Bria is always fortunate! Drop the wishlist soon girl!
2019-07-12,Right he would need to work on himself a lot. A WHOLE ASS LOT.
2019-07-12,Me too. I really hate Billy.
2019-07-12,BIRTHDAY?!?!?
2019-07-12,I had a sort of breakdown today so Iâ€™m healing through buying books
2019-07-11,ğŸ˜‚ğŸ˜‚ğŸ˜‚ https://twitter.com/Addison_Peacock/status/1149177437789384704Â â€¦
2019-07-11,There cannot be more. There can. Not.
2019-07-11,Iâ€™m so sorry. Please let me know if you need anything in this difficult time.
2019-07-11,Cheesesteak Depakote https://twitter.com/Eden_Eats/status/1149064313711157249Â â€¦
2019-07-11,Those are the twins from The Shining. https://twitter.com/martha84895177/status/1148394278152015873Â â€¦
2019-07-11,Literally how has she not moved to the other side of the world.
2019-07-11,Feeling gay in this Chiliâ€™s tonight. https://twitter.com/steeniston/status/1148447146494091265Â â€¦
2019-07-11,"Yes! I see you already have a lot of design offers, but I also do design and would love to do a branding package and business card for you!"
2019-07-11,Welp had to cancel my date bc my mental health has deteriorated at a truly impressive rate today.
2019-07-11,Fuck that snot-nosed nazi.
2019-07-11, pic.twitter.com/rXgwWaHb4j
2019-07-11,"I hate that. Itâ€™s like I wanted it to be delicious, not a desert."
2019-07-11,"Thanks for the tip! Picked them both up for my kindle, canâ€™t wait to read them!"
2019-07-11,This is NOT a DRILL https://twitter.com/SirPatStew/status/1148999723019395072Â â€¦
2019-07-10, pic.twitter.com/BPM116YB8H
2019-07-10,A fashion icon!
2019-07-09,TRUE.
2019-07-09,Sorry how is it AHS without the Scream Queen herself????
2019-07-09,"I am eating cheez-its in my own bed, in my own apartment, with my own damn chihuahua and Iâ€™m feeling really good about it."
2019-07-09,I did get The Black Farm and itsâ€™ sequel. So thereâ€™s that.
2019-07-09, pic.twitter.com/6EzRaXjqg7
2019-07-09,Iâ€™m honestly glad bc that is not my intention at all. I just... I think it would be a cool book.
2019-07-09,Can anyone recommend a book/short story that contains both a cult and pigs eating humans? Because... I would like to read that.
2019-07-09,I am secretly in love with... Kylo Ren....  https://twitter.com/HamillHimself/status/1148167661588754432Â â€¦ pic.twitter.com/MTVCAqEPvX
2019-07-08,They are the snuffliest of babies! ğŸ˜ŠğŸ˜Š
2019-07-08,All my babies! pic.twitter.com/vJ4eJ2lmtY
2019-07-08,Absolutely and she NAILS IT. I hope sheâ€™s in next season a LOT
2019-07-08,YESSSS I lost my mind when I found out.
2019-07-08,If this were true I could sing!!!!
2019-07-08,This is one of my favorite body horror novels. So gross and weird and delightful.
2019-07-07,I can honestly say Iâ€™m funny??? https://twitter.com/DiorTooDope_/status/1147500985155297281Â â€¦
2019-07-07,Milan Shnapps-Lovecraft https://twitter.com/SimonBruni/status/1147773771794792449Â â€¦
2019-07-07,It was such a weak ploy to get us to sympathize tbh.
2019-07-07,Seriously?! Wtf is wrong with people?!!!
2019-07-07,Every time they set one off the dog goes nuts and they have been doing it for THREE DAYS
2019-07-07,I am blessed. pic.twitter.com/RtGEbWYNv1
2019-07-07,Ugh right. I hate overstaying parties. Like letâ€™s scoot Iâ€™m full and tired.
2019-07-07,Booooo. Someday. ğŸ’œğŸ’œI hope the cookout has good food!
2019-07-07,Anywhere near Pittsburgh??
2019-07-07,Haha I saw that!! I was like come visit meeeee. Are you gonna be in tomorrow too??
2019-07-07,A beautiful combination!
2019-07-07,Come visit meeeee
2019-07-07,Like who pushes that???? Bria my BRA was OFF already!!!
2019-07-07,This guy I was talking to tried to get me to meet him at a bar after I had told him I was already in my jammies and Iâ€™m thinking of ghosting.
2019-07-07,This is so cute it hurts. https://twitter.com/biologistimo/status/1147495122541645824Â â€¦
2019-07-07,IT GOT BETTER https://twitter.com/Matt_Jones46/status/1147232449438584833Â â€¦
2019-07-05,I have no words.... pic.twitter.com/5oTpAbCW4R
2019-07-05,I love their friendship so much. Steve has grown into such a wonderful person.
2019-07-04,"Exactly, your time and energy is worth so much more than that!"
2019-07-04,Seriously fuck em. Nobody needs that shit.
2019-07-04,Well Iâ€™m in love so there is that https://twitter.com/halsey/status/1146637202811752448Â â€¦
2019-07-04,The amount of times I have had to explain HP Lovecraft and the Cthuhlu mythos bc of my calendar is ridiculous. Do people not read?????
2019-07-04,I read this book when I was little and I was too scared to sleep for a week.
2019-07-04,I read that too and my first reaction was â€œwell she did look amazing in John Wick 3...â€
2019-07-04,This looks fun. https://twitter.com/rianjohnson/status/1146086375155888128Â â€¦
2019-07-04,MOST EXCELLENT https://twitter.com/BuzzFeed/status/1146487268787359744Â â€¦
2019-07-03,You guys are so cute. ğŸ’›ğŸ’›ğŸ’›
2019-07-02, pic.twitter.com/w9WgvYiKDS
2019-07-02,Honestly black.
2019-07-02, pic.twitter.com/zYQa3whgUZ
2019-07-01,ğŸ‘€ğŸ‘€
2019-07-01,Holy damn!!!
2019-07-01, pic.twitter.com/rMvdlqIggI
2019-07-01,The cutest! â¤ï¸â¤ï¸â¤ï¸
2019-07-01,This guy pic.twitter.com/txlwnx5xCw
2019-07-01,Um I mean WOW???? ğŸ˜ğŸ˜ğŸ˜
2019-06-30,Youâ€™re right and you should say it.
2019-06-30,Teenagers are so hormonal and they move in packs like vicious coyotes!
2019-06-30,The Good Place!
2019-06-30,THAT is some bullshit
2019-06-30,Amen.
2019-06-30,So envious!!!!
2019-06-29,"In case anyone is wondering, her insta is @ SarahAnnSweeney pic.twitter.com/8sFB6pGHIt"
2019-06-29,"Iâ€™m making two collages of thank you notes, prints, and stickers from my friend to hang with the original paintings of hers I have. GET ON OUR LEVEL."
2019-06-29,Eleanor by Chuck Palahniuk is a good one.
2019-06-28,I randomly want to get a switch.
2019-06-28,Itâ€™s gorgeous is what it is. Look at the sculpt. The colors. The mood.
2019-06-28,People are too stupid to exist.
2019-06-28,Mm yes we do.
2019-06-28,Days I wish I could danceeeee
2019-06-28,Idek tbh pic.twitter.com/5ZwwbRwvQQ
2019-06-27,THESE ARE SO GOOD pic.twitter.com/gintZ3Tbhj
2019-06-27,A cute girl called me pumpkin today. pic.twitter.com/9IV39bXIYi
2019-06-27,ğŸ’›
2019-06-27,It is apparently manic energy cleaning night. My apartment looks great and I canâ€™t stop shaking! pic.twitter.com/Rqz9Puc5no
2019-06-26,And ADORABLE
2019-06-26,This brings me great joy https://twitter.com/ThisFarmingMan_/status/1143512322356449285Â â€¦
2019-06-26,LEGIT
2019-06-26,Yesss bc you feel like itâ€™s an â€œI told you soâ€ situation.
2019-06-26,And explaining to us like weâ€™re stupid over and over does nothing.
2019-06-26, pic.twitter.com/Q1JU2y74Qa
2019-06-25,IM DEAD pic.twitter.com/3zTB1fTsRB
2019-06-24,Such and underrated book! Itâ€™s definitely one of my faves.
2019-06-24,Sheâ€™s so perfect!!!!
2019-06-24,Thank you gorgeous!
2019-06-23,"Do it baby, I know the lawwww"
2019-06-23,Oh how I love you ğŸ’œğŸ’œ
2019-06-23,"Ahaha shocking, I know. I never look happy ğŸ˜ğŸ˜"
2019-06-23,Yes dear? pic.twitter.com/FMciCp0H2w
2019-06-23,YOU ARE ğŸ’•ğŸ’•ğŸ’•
2019-06-23,An adventure is called for. pic.twitter.com/uL3pPNQ4ZF
2019-06-23,You look amazing!
2019-06-23,"I watched The Meg with my parents and my mom is still shaking, it scared her so bad. pic.twitter.com/W8w4P8qrZm"
2019-06-22, pic.twitter.com/02dphgCFae
2019-06-22,Iâ€™ve never wanted anything more than this https://twitter.com/athenahollow/status/1142187141788831744Â â€¦
2019-06-20, pic.twitter.com/VCBwdwz8DF
2019-06-20,Paulette is my fave https://twitter.com/Trungles/status/1141413912241479681Â â€¦
2019-06-20,Sup pic.twitter.com/XehOwr4SYe
2019-06-20,"I decided to try intermittent fasting bc I... guess I hate myself. Anyway, this sucks and I want spaghetti."
2019-06-20,SHRIEK https://twitter.com/NosleepPodcast/status/1141448481430757378Â â€¦
2019-06-20,And cute hi
2019-06-19,Everything is a LIE
2019-06-19,A looks more dynamic to me.
2019-06-19,Hell to the yeah!
2019-06-19, pic.twitter.com/cGbZmoh9bX
2019-06-18,The hellest to the yes.
2019-06-18,I had a dream last night that someone else beat Racist Cheeto in the election and I got to scream at him to get out of the Oval Office
2019-06-18,Finally.  https://twitter.com/bries_oscar/status/1140294672016924672Â â€¦ pic.twitter.com/On2clEk6ZG
2019-06-18,"Please let that be true. Iâ€™m so tired, yâ€™all. https://twitter.com/DevonESawa/status/1140763143762632705Â â€¦"
2019-06-18,The language in this ad just tipped itâ€™s trillby to me. https://twitter.com/70s_party/status/1137449175010938881Â â€¦
2019-06-17,I screamed the first time I saw it. KOALA TEA content.
2019-06-17, https://twitter.com/football_Kelly/status/1140329175355670528Â â€¦ pic.twitter.com/QuhH6KbjQ2
2019-06-16,"This is the best one, everyone go home. https://twitter.com/touchmybobby/status/1139699473351733248Â â€¦"
2019-06-16,Good to see a childhood crush stay gold.
2019-06-16,We donâ€™t even know. https://twitter.com/jon_snow_420/status/1140025217982464000Â â€¦
2019-06-16,ğŸ˜ğŸ˜ğŸ˜ğŸ˜ğŸ˜
2019-06-16,MAâ€™AM
2019-06-15,My momâ€™s tattoo with my dadâ€™s name in it. Theyâ€™re so in love. pic.twitter.com/bBP7Hc59wl
2019-06-15,Bu Bear and George. pic.twitter.com/hxLQaRLQvA
2019-06-15,Found at the Hardware Whore pic.twitter.com/2HUYl6x8wN
2019-06-15,@Addison_Peacock â€˜s story about the macaron man made me crave the cookie pic.twitter.com/dOUxOWF3QF
2019-06-15,Thereâ€™s a really cute chalk artist at the arts festival who should go out with me.
2019-06-15,And zombie-like reflexes.
2019-06-15,"Under eye circles are in now, right? Right?????"
2019-06-15, pic.twitter.com/UyIOBYX2N4
2019-06-15,"I hate being hit on in public, but I like knowing Iâ€™ve still got it even when I feel like hot garbage."
2019-06-15,Thatâ€™s bc youâ€™re the GOAT
2019-06-15,Who else is fucking HYPED UP for #DoctorSleep ??????
2019-06-15,This is like an episode of black mirror like WHAT EVEN WAS THE THOUGHT PROCESS
2019-06-15, pic.twitter.com/OFLTydMsP7
2019-06-15,With this level of stupidity we deserve to die. https://twitter.com/psychcomm/status/1139607011094683649Â â€¦
2019-06-14, pic.twitter.com/f8Hxw8C7aH
2019-06-14,Prettiest girl!
2019-06-14,That is the cutest Lapras ever!!!
2019-06-14,"It is I, Depression Woman! With the power to... ah Jesus this is too much, Iâ€™m taking a nap. pic.twitter.com/Lc6RwcB506"
2019-06-14,Oh DARN
2019-06-14,Oh boo lol never did it before.
2019-06-14,Any PokÃ©mon youâ€™re looking for trade?
2019-06-14,Yasssssss
2019-06-13,Cersei
2019-06-13,Mrs. Incredible
2019-06-13,Giselle!
2019-06-13,Sheâ€™s always right isnâ€™t she
2019-06-13,Aurora!
2019-06-13,"Ok yâ€™all. I am back on my pokeball-shit. Add me on PokÃ©mon Go: 
3335 7574 3508"
2019-06-13,Snow White!
2019-06-13,I vibe with this like crazy!!! https://twitter.com/mgaywatson/status/1139210549630124032Â â€¦
2019-06-13,If one of you says Olenna I stg. pic.twitter.com/wZOkpwOvfv
2019-06-13,Tbh Margaery
2019-06-13,Sending love for best friend!
2019-06-13,That is the most encouraging thing Iâ€™ve ever heard.
2019-06-13,It has come to my attention that I have cankles. I appreciate your kind words in this trying time.
2019-06-13,Carrie did what she had to do.
2019-06-13,Kiss kiss kiss pic.twitter.com/q0Drs1jN6n
2019-06-13,ğŸ˜ŠğŸ˜ŠğŸ˜ŠğŸ’—ğŸ’—ğŸ’—
2019-06-13,Soooo cute!
2019-06-13, pic.twitter.com/8McM8b4OhO
2019-06-13, pic.twitter.com/fKQcUUuhZx
2019-06-12,They did not try and they should feel bad!
2019-06-12,People piss me right off with that shit. pic.twitter.com/bkyjlIE9A2
2019-06-12,ğŸ‘€ğŸ‘€
2019-06-12,"Every poster is worse, why are they doing this."
2019-06-12,He looks like a highly rendered old Harry Potter game character in the face
2019-06-12, pic.twitter.com/Zcg6hX0bxT
2019-06-12,Iâ€™m TOO DRUNK FIR THIS RN pic.twitter.com/dI9toU8DnN
2019-06-11,"It certainly is, friend."
2019-06-11,Radbird https://twitter.com/StrangeAndLost/status/1136607380253233153Â â€¦
2019-06-11,I made plans after work four days in a row. Do I WANT to have a meltdown?!?!?!!
2019-06-11,I look so much like my aunt in this picture. pic.twitter.com/KNB7Jl5mu8
2019-06-11,Itâ€™s your feelers coming in.
2019-06-11, pic.twitter.com/Q015YbN6zl
2019-06-11,I.... pic.twitter.com/nabEPVSAUy
2019-06-11,Huckleberry Finn. The WORST THING to ever exist. I almost stopped reading bc it sucked all the enjoyment out of it for me. https://twitter.com/KariDru/status/1137776010634682368Â â€¦
2019-06-11, pic.twitter.com/Uxi84XTzyQ
2019-06-11,"Nah, snitches get stitches man."
2019-06-11,"Today I got mcdonalds on Postmates and they sent me: 3 cheeseburgers with cheese and no burger and one cheeseburger with everything. 

I asked for two plain cheeseburgers yâ€™all."
2019-06-10,"Iâ€™m so in love, my girl is finding herself. https://twitter.com/odafins/status/1137931968983646209Â â€¦"
2019-06-10,Isnâ€™t it heartbreaking?!?!
2019-06-10, pic.twitter.com/HC5ip0XTNg
2019-06-10,So wtf did it want?!?!?!?
2019-06-10,DONT OPEN IT THEYLL EAT YOU
2019-06-10, pic.twitter.com/KxcjLP5uyt
2019-06-08,This is so kickass https://twitter.com/tinasheesh/status/1137354765489377291Â â€¦
2019-06-08,Kickass video game heroine with similar fashion
2019-06-08,YES
2019-06-08,I could see you as the final girl in a horror movie.
2019-06-08,Performance art
2019-06-08,Iâ€™m so sorry. He was the goodest boy
2019-06-07,THANK YOU?!  ğŸ’•ğŸ’•
2019-06-07,Ur grungy gf pic.twitter.com/HGFn3tR9rZ
2019-06-07,Iâ€™m not crying itâ€™s fine https://twitter.com/perlapell/status/1136657774132301826Â â€¦
2019-06-06,IDK man I just think theyâ€™re neat.
2019-06-06,What kind of monster abandons dogs?
2019-06-06,Why do I want one so badly???
2019-06-05,My mood is so tied to the food I have access too. Like what is my problem.
2019-06-05,.... well you arenâ€™t wrong i suppose.
2019-06-05,That movie changed my life
2019-06-04,@isaacdraws1 I love your display name omg.
2019-06-04,How DARE you lay this glorious thirst trap?!?! https://twitter.com/mgaywatson/status/1135583045665271808Â â€¦
2019-06-04,"Fuck Carol
Marry Antman
Kill...myself bc I would NEVER kill Thor. https://twitter.com/honeysbieber/status/1135281422468390912Â â€¦"
2019-06-04,"To be fair, points were made."
2019-06-04,Do I get extra points for staying fat? https://twitter.com/pissboymcgee/status/1135559713033269248Â â€¦
2019-06-04,The most worth-it thing Iâ€™ve ever seen. https://twitter.com/MirrorTech/status/1134047988786049026Â â€¦
2019-06-03,Got an email about â€œan existing dental planâ€ and thought it said â€œexistential dental plan.â€
2019-05-31,"No joke, I would fight a bitch."
2019-05-30,The outfit! The smile! The poses! We Stan!
2019-05-29,Snuffles. https://twitter.com/thetrudz/status/1133546086285619200Â â€¦
2019-05-29,"There is a woman at the gym literally standing at the hand dryer, holding her pants open with one hand, drying her pubes(?) with the other."
2019-05-29, pic.twitter.com/w1et63QDbW
2019-05-28,Lol just two! The black and pink ones are olddddd. And thank youuuu
2019-05-28,I feel pretty oh so pretty I feel pretty and witty and GAAAAAAAAY pic.twitter.com/0b20Mp61tu
2019-05-28,So Dennis Duffy is in John Wick????
2019-05-28,Thank youuuu. Heâ€™s the best buddy.
2019-05-28,SO DERN CUTE OMG
2019-05-28,Thank youuuu! Itâ€™s my favorite one!
2019-05-28,Omggggggggggg I love themmmm!!!!
2019-05-28,Itâ€™s like they can sense it!!! What kind of dog is Bailey?
2019-05-28,More for you pic.twitter.com/AcwNltXszQ
2019-05-28,Represent!!!
2019-05-28,We donâ€™t *do* pants in this house pic.twitter.com/5TrVq7CsOX
2019-05-27,#dreamjob
2019-05-27,THIS IS AMAZING
2019-05-27,Itâ€™s possible. They basically nap and eat and Iâ€™m an expert at that shit so
2019-05-27,Itâ€™s close but no no like a pet baby
2019-05-27,"I donâ€™t love kids for me, but babies are cute. Is it possible to have a pet baby?"
2019-05-27,Xanax purse https://twitter.com/LetBenSoloLive/status/1105983774821621761Â â€¦
2019-05-26,The only way to cope tbh
2019-05-26,Lol ok fair but that event is so you!
2019-05-26,A literal crime that they didnâ€™t invite you?????
2019-05-26,I become gayer with every Sarah Schauer picture. https://twitter.com/SJSchauer/status/1132461498348036096Â â€¦
2019-05-26, pic.twitter.com/jLYZLcZTXT
2019-05-26,Ok so do you have your visa yet or
2019-05-25,Oh yes? Maybaps we have a movie night???
2019-05-25,I agreed to go to a movie tonight but honest to god yâ€™all I am so tired. pic.twitter.com/nXdcpP4Z0S
2019-05-24,I got Trixie which is so accurate.
2019-05-24,Thereâ€™s what now
2019-05-24,ğŸ˜ğŸ’—ğŸ˜ğŸ˜
2019-05-24,"I was also conflicted bc her acting in the trailers is chilling, but like you said... eehhh"
2019-05-24,This was my favorite season of ANTM
2019-05-24,I can want both.
2019-05-24,Kickpuncherrrr pic.twitter.com/jBVv2xD1mO
2019-05-23, pic.twitter.com/SfXF8nrG1j
2019-05-23, pic.twitter.com/pXsO62KwTo
2019-05-23,Youâ€™re my actual hero
2019-05-23, pic.twitter.com/SCvotddBB8
2019-05-23,Adobe capture is fun. pic.twitter.com/kC4fm98TTJ
2019-05-23,Rickâ€™s bisexual energy was a godsend https://twitter.com/TheSlainGod/status/1130555737372004354Â â€¦
2019-05-23,I am somehow both women and lizard in this photo https://twitter.com/jameelajamil/status/1131262134824759296Â â€¦
2019-05-23,You have to admire the confidence.
2019-05-23,Decisions were made and consequences accepted lol
2019-05-23, pic.twitter.com/d1oBMB3bVi
2019-05-23,Iâ€™m so sorry ğŸ’—
2019-05-22,You know your boobs look good when your friend talks about them for 5 whole minutes
2019-05-22, pic.twitter.com/qsbue2NRDN
2019-05-22, pic.twitter.com/Hv1Ql8vhHh
2019-05-22,Thinking of him. pic.twitter.com/qMrrxc2tue
2019-05-22,His books should be called â€œOlder Men  When a Young Girl So Much As Smiles At Them.â€ https://twitter.com/Hello_Tailor/status/1131139854119710720Â â€¦
2019-05-22, pic.twitter.com/AH1sl8MEJ8
2019-05-22,Honestly! Itâ€™s a wonder the stress didnâ€™t kill her faster than the TWO brain aneurysms.
2019-05-22,"Fair, but yeah I also find it upsetting that itâ€™s framed as a good thing. :/"
2019-05-22,#1stCartoonCrush pic.twitter.com/zhEYD9ghbv
2019-05-22,Does anyone else feel that itâ€™s.... unsettling that Emilia Clarke is being praised for working even when she was possibly dying? Like shouldnâ€™t we feel angry she felt she had to??
2019-05-22,UM you look amazing?!
2019-05-22,I would give my life for him. pic.twitter.com/WGpuKT4Gjf
2019-05-21,"We just had a beautiful funeral for my coworkerâ€™s Betta fish, Joshua. He will be missed."
2019-05-21,Thank you so much. It was an ordeal lol
2019-05-21,Will this work on my life pic.twitter.com/PGM3KYevU9
2019-05-21,It feels very â€œsingle bisexual at the office who is cool in a geeky wayâ€
2019-05-21,Thank you!! ğŸ’—ğŸ’—ğŸ˜ŠğŸ˜ŠğŸ˜Š
2019-05-21,"Omg!!!! Thatâ€™s so weird, my coworker said his dog puked too! Should we be worried?"
2019-05-21,Feeling very called out https://twitter.com/darshanaheena/status/1130605301043015680Â â€¦
2019-05-21,*Heavy breathing* https://twitter.com/jeffvandermeer/status/1130808780403421185Â â€¦
2019-05-21,Me looking at my butt in the mirror https://twitter.com/gifs_bot/status/1130780280959262720Â â€¦
2019-05-21,"Woke up late, dog puked everywhere, dunno when the next bus is pic.twitter.com/5bAqHg5idM"
2019-05-21,PERFECT
2019-05-21,Ummmm is it Opposite Day? Cuz u cute
2019-05-21,You stop it! ğŸ˜ğŸ˜ğŸ˜ğŸ˜
2019-05-20,"I was pulled into a 3hr surprise meeting in which I had to present twice. No, this is not an introvert nightmare THIS IS MY LIFE. pic.twitter.com/aP8pNZ51Oq"
2019-05-20,Soooo awkward.
2019-05-20,Koala tea content. ğŸ‘Œ
2019-05-20,"Hey guys, he sells these prints online too ğŸ˜‰ https://twitter.com/isaacdraws1/status/1130207255490699264Â â€¦"
2019-05-20, pic.twitter.com/EJEpWnDqdn
2019-05-19,"#DateYourselfIn5Words 
â€œI miss my Gameboy Color.â€"
2019-05-19, pic.twitter.com/3jprO2EsyP
2019-05-19,Was that NOT Joshua Jackson the whole time?!?! https://twitter.com/lsirikul/status/1130057763176869889Â â€¦
2019-05-19,Anyone who would like to foot my Ulta/Sephora Bill is welcome. DM for PayPal info. #yeahright
2019-05-19,This seems.... distasteful pic.twitter.com/WpOlybXZYt
2019-05-19, pic.twitter.com/3KG7WchW0z
2019-05-19,"â€œWhy dont you online date anymore?â€
Me: https://twitter.com/SheRatesDogs/status/1129820187555794945Â â€¦"
2019-05-18,"If Iâ€™m on your â€˜close friendsâ€™ list on Instagram, just know I love you and I am honored."
2019-05-18, pic.twitter.com/wLqYJFHaP0
2019-05-18,ğŸ˜ğŸ˜ğŸ˜ https://twitter.com/SJSchauer/status/1129504353600118786Â â€¦
2019-05-18,Theyâ€™re the delicious underrated snack food we donâ€™t deserve https://twitter.com/fabrickind/status/1129500430201835521Â â€¦
2019-05-17,Me beebee! pic.twitter.com/UmPe67NDke
2019-05-17,We never deserved her. And now sheâ€™s gone.
2019-05-17,NO https://twitter.com/RealGrumpyCat/status/1129310647458467840Â â€¦
2019-05-16,"Honestly, nap pits is more accurate"
2019-05-16, pic.twitter.com/fOPAO9ceMI
2019-05-16,Walder Frey voice: I bless the rains down in Castamere
2019-05-15,Fight fight fight
2019-05-14,"@ Me getting mad when people donâ€™t know something, even if thereâ€™s no way they would pic.twitter.com/v49ebO9nmf"
2019-05-14,Iâ€™m funny. pic.twitter.com/3mKr0OUEki
2019-05-13,Thats pretty awesome!
2019-05-13,Journey?
2019-05-13,The None Wall of Amethyst https://twitter.com/ellle_em/status/1127703858459893760Â â€¦
2019-05-13,The next Iron Man.
2019-05-13,"These posts about â€œIâ€™m your mom nowâ€ make me emotional bc itâ€™s so kind and supportive, just like someone decided to spread some positivity (IM NOT CRYING) https://twitter.com/LouisatheLast/status/1127599336135823360Â â€¦"
2019-05-13,Soooo whereabouts did you find this gift from 90â€™s Cartoon God
2019-05-13,Ikr! It was such a good show. pic.twitter.com/CSwaTofYyN
2019-05-12,You wont know until you try lol #greatwaytogetmurdered
2019-05-12,â¤ï¸â¤ï¸ yes and itâ€™s so hard when you canâ€™t even explain or donâ€™t want to. If my job finds out I know theyâ€™ll treat me differently.
2019-05-12,C H O S E N
2019-05-12,Happy Motherâ€™s Day! Here is my mother and her favorite child. pic.twitter.com/X8J4YcYGur
2019-05-12,Josh Groban?
2019-05-12,Ok well Iâ€™m crying so https://twitter.com/dog_rates/status/1127392987674058753Â â€¦
2019-05-12,I used to think I was so stupid and airheaded and others made me/still make me feel that way too bc they didnâ€™t/donâ€™t understand. https://twitter.com/skxllcity/status/1126934426389229568Â â€¦
2019-05-12, pic.twitter.com/DoYHOkg6HE
2019-05-12,Travis Scott!????
2019-05-12,I saw Backstreet Boys in like 4th grade bc my dad worked for Sony and they gave him tickets.
2019-05-12,You are correct sir!
2019-05-12, pic.twitter.com/A3dsG89P2e
2019-05-12,"1) Backstreet Boys
2) Artctic Monkeys
3) Halsey
4)Sia
5) Lady GaGa https://twitter.com/MarkHarrisNYC/status/1127307575379283968Â â€¦"
2019-05-12,Please tell me Tim McGraw is the lie PLEASE TELL ME
2019-05-12,The original is ALWAYS better but you look good any which way!
2019-05-12,"#dearme10yearsago try to have more fun in college. Maybe see a doctor, itâ€™s not normal to constantly feel like youâ€™re in hell. Alsoyoulikegirlstoo now -BYEEEEEEE"
2019-05-12,No sign of this for Constance Wu for example.
2019-05-12,Thank youuuu the light at my new desk is perfect for selfies.
2019-05-12,Not to copy @artemisvoid but I just ordered new glasses and Iâ€™m STOKED. Do people still say stoked? Do I care? No!
2019-05-12,"Recently Iâ€™m also getting 
-vertigo
-blurry/shaky vision 
-weakness
-fatigue 
Hooray!"
2019-05-12,Dan Radâ€™s swole cousin lookin good these days pic.twitter.com/1O2FaHwxXj
2019-05-11,Fair point lol I need to get back into yoga!
2019-05-11,I wish I had done ballet as a child. My legs are so inflexible and fucked up.
2019-05-10,"I hate when bus drivers pull far enough off the curb that you canâ€™t just step, but close enough that itâ€™s awkward to descend, so you do that awkward half jump and they look at you like pic.twitter.com/3jN4ys6BX9"
2019-05-10,The pointy onesssss ğŸ˜ğŸ˜ https://twitter.com/ricanndamenace/status/1126377421224251393Â â€¦
2019-05-09,Since when is personal grooming nonessential????? https://twitter.com/USATODAY/status/1125891810595954688Â â€¦
2019-05-08,Mark your calendar for next year.
2019-05-08,Is there a form we fill out or is there a line or pic.twitter.com/WWYXWIKyjX
2019-05-07, pic.twitter.com/gHjBvH52xx
2019-05-06,so real.
2019-05-06,RIGHT
2019-05-06,I didnâ€™t pause my Shudder window when I closed the case on my iPad and can I just TELL YOU how high I jumped when a random burst of ominous static came out of the speakers.
2019-05-06,It was just SOOOO good and creepy.
2019-05-06,Just binged Channel Zero: Candle Cove and HOO BOY pic.twitter.com/XCLAJCsF2n
2019-05-05,But still appreciates them!
2019-05-05,This is so on brand for you.
2019-05-05,Who else has been ruined by Dead to Me this weekend?
2019-05-05,You can say GoT itâ€™s okay.
2019-05-05,Thank you!!!!
2019-05-05,Heâ€™s so over me pic.twitter.com/CPuGEo1d6U
2019-05-05,Like stealing my heart?!?!
2019-05-04,Zuzu photos. pic.twitter.com/3yC3jE9gff
2019-05-04,It looked DELICIOUS.
2019-05-01, pic.twitter.com/STECRnDVDb
2019-05-01,YESSSSSSS. Ok I love them.
2019-05-01,Is it Sansa and Danaerys? I canâ€™t figure it out lol
2019-05-01,She has truly become a villain and I love it.
2019-05-01, pic.twitter.com/xfABvWUlJn
2019-05-01,I would die for him????
2019-05-01,Itâ€™s so painful like I just stood there screeching
2019-05-01,Ahhhhh good god lord in heaven I just accidentally clawed my tit with my harpy nails and the paaaaaain!!!!!!!! pic.twitter.com/Zv2b5NkGXX
2019-04-30,Like honestly lol. Weâ€™re predictable.
2019-04-30,Welp pic.twitter.com/6d8mv61RIY
2019-04-30,Iâ€™m lying on the floor on my phone deciding if itâ€™s still worth it lollll
2019-04-30,Dude. Link?
2019-04-30,Today someone was so passive aggressive at me that she reminded me of my sea hag ex-roommate and when I TELL YOU that I almost tore her to shreds. pic.twitter.com/rGQUvfsJhE
2019-04-29,"Coworker: I gained 4/10 of a lb so Iâ€™m not participating in the company lunch. 
Me: pic.twitter.com/zdA9TdD0Ws"
2019-04-28,"Sarah wtf happened with Dr. Strange, I just wanna talk https://twitter.com/gplowe92/status/1121808658612940800Â â€¦"
2019-04-27,OK FINE. I STRESS-BOUGHT ALIEN T-SHIRTS.
2019-04-27,Like just a fistfull or.... https://twitter.com/KarenKilgariff/status/1121925828088975360Â â€¦
2019-04-27,Start a style blogggg
2019-04-26,OH MY GAAAAAAAAHD!!!!! Congratulations!
2019-04-26,Better change my damn life!!!!!!!
2019-04-26,TO BE FAIR it was for some special sauce but still. STILL OK.
2019-04-26,In what kind of capitalist hellscape should a dipping sauce cost 5 ENTIRE DOLLARS.
2019-04-26,My impatience is so great that I want to spoil Endgame for myself. pic.twitter.com/0OXpSPwI5K
2019-04-26,You two are the CUTESTTTTT pic.twitter.com/9PatcwUlCA
2019-04-26,Weâ€™ve been making farm puns for 15 mins pic.twitter.com/FMSIywezgE
2019-04-23, pic.twitter.com/5B0zt43owA
2019-04-23,When claw your way out of the depression hole long enough to put on eyeshadow. pic.twitter.com/5lh6UlXCYC
2019-04-23,Itâ€™s on #halloween2019 pic.twitter.com/uALm6IYT2W
2019-04-23, pic.twitter.com/QUdpUCUC2e
2019-04-23,Youâ€™re a genius. Iâ€™ll start looking for the dresses.
2019-04-23,Iâ€™m already thinking about Halloween bc my soul yearns to feel joy. Thinking of either:
2019-04-23,Those who know me will understand why I got Cersei Lannister on a GOT character quiz pic.twitter.com/SysdAxk7sT
2019-04-23,Bleh. I liked it but I feel like I donâ€™t wanna watch anymore of it.
2019-04-23,Is it like over over or just season over
2019-04-23,"Not to come back to this, but this is a Britta move pic.twitter.com/P66QJZhqAi"
2019-04-23,Can wait to shit glitter and mb also rob a bank lol
2019-04-23,"Get in bitch, we have magical creature immunity now! pic.twitter.com/LrQXJ5Zp9l"
2019-04-22,My thoughts are with you in this time of hardship.
2019-04-21,Mandy laughing at this cult leaderâ€™s dick is next level bad bitch. pic.twitter.com/aAVdgQNIwV
2019-04-21,The Livered Ones #FilmsAboutTheBody pic.twitter.com/B8H42azoaN
2019-04-21,"Obviously, you gorgeous bitch!"
2019-04-21, pic.twitter.com/ZHW9Ads1Is
2019-04-21,300 DOLL HAIRS?! Holy fuck
2019-04-21,The most ambitious crossover event of all time. https://twitter.com/sesamestreet/status/1118874013361672192Â â€¦
2019-04-20,Honestly I could do it more often pic.twitter.com/xB5gyMhfTl
2019-04-20,If weâ€™re ever in the vicinity of each other we will do thissssss
2019-04-20,My lunch with friends turned into a five and a half hour booze cruise.
2019-04-20, pic.twitter.com/3atlWsX1Dk
2019-04-20,A man just looked me in the face and said America was the least racist country and I have died.
2019-04-18,"While weâ€™re at it, EVERYONEâ€™S obsession with her boobs is so weird. 
Thereâ€™s even a comment about how they â€œtry not to sexualize herâ€ AND YET"
2019-04-18,"The more you rewatch Community, the creepier Jeffâ€™s obsession with Annie is."
2019-04-18,This thread is so horrifying
2019-04-17,"In times of hardship I think of Aidy Bryant in Shrill saying â€œyou have a fat ass and big titties, you call the shotsâ€ and I feel calm."
2019-04-16,Jfc their shit is so far from together.
2019-04-15,Wasnâ€™t that. The whole point. ?
2019-04-14,nnnnNNNNNOOOOOOOOOOO https://twitter.com/zakiscorner/status/1117136249054097409Â â€¦
2019-04-14,Retweeting again bc my friend is incredible https://twitter.com/isaacdraws1/status/1099110143969673218Â â€¦
2019-04-14,Heâ€™s truly won the game lol
2019-04-13,I have a NAME pic.twitter.com/MpG9JuHQiC
2019-04-12,You have energy and dedication I do not possess
2019-04-12,"Seriously. Iâ€™m always tired when Iâ€™m in a hotel, idc, Iâ€™m sleeping."
2019-04-12,Oh no I get in there. My Immune system is tough.
2019-04-12, pic.twitter.com/EENTxuGHhd
2019-04-12,I have a coworker who brings her own sheets lol you two would get along
2019-04-12,I use theirs. Fuck it.
2019-04-12,They look so GOOD!
2019-04-12,Wonderful family! pic.twitter.com/wFYiVEmBCl
2019-04-12,Damn. https://twitter.com/danblackroyd/status/1116194793359413248Â â€¦
2019-04-12,I had a client explain the concept of a sign to me today. A sign. Like pic.twitter.com/HwmGi9105j
2019-04-12, pic.twitter.com/JV2bkglZQl
2019-04-11,I had a gross dog story to tell and I asked my coworker if he wanted to hear something gross bc i was thinking about it NOT THINKING THAT I JUST CAME OUT OF THE BATHROOM AND IT WOULD BE WEIRD and now Iâ€™m mortified and want to die.
2019-04-11,Eesh ğŸ˜¬ pic.twitter.com/0hFyRpJyuL
2019-04-10,This is why being pregnant is my worst nightmare tbh https://twitter.com/kingcx_/status/1115717148133949440Â â€¦
2019-04-10,Ted Lieu said NOT TO-FUCKIN-DAY https://twitter.com/jbendery/status/1115657952470425600Â â€¦
2019-04-09,"Cookie dough. But like the good shit, none of this 1/9 cup of cookie dough to a whole pint ratio. pic.twitter.com/jhftfz49Tt"
2019-04-09,NO WAY I just watched the Hulu special on Nxium the other day!!!!
2019-04-09,Basically if I die DRAG HER AT MY FUNERAL
2019-04-09,This bus driver is hitting so many curbs and has already slammed the brakes so hard I bashed my knee on the seat.
2019-04-09,Kinda sad we didnâ€™t get to see Joy Behar commit assault and battery on live tv
2019-04-09,My exact reaction: pic.twitter.com/g0MPdgm8Nv
2019-04-08, pic.twitter.com/DowtZsKfU9
2019-04-08,Itâ€™s always out lol pic.twitter.com/3WNt5zMdQw
2019-04-08, pic.twitter.com/gQr4utzrQF
2019-04-06, pic.twitter.com/zryF1jDp1w
2019-04-06,Ppl like this get so defensive when you tell them to just watch the movie. Itâ€™s like I know the same amount as you.
2019-04-06, pic.twitter.com/1KSA5onf0e
2019-04-06,"I want one of those hot toys dolls real bad rn and idk why. Send help, Iâ€™m gonna retail therapy myself to death."
2019-04-06, pic.twitter.com/pkZX6UXIfB
2019-04-06, pic.twitter.com/BSv4b1j9QP
2019-04-05,MY HEART pic.twitter.com/woloLRM7yF
2019-04-05,This is what gets me out of bed in the morning tbh
2019-04-05,Lol it is certainly a lot.
2019-04-05,@packblanther did you know about this? https://twitter.com/aberrelezlol/status/1113440907913777152Â â€¦
2019-04-05,I love these!!! pic.twitter.com/vDEPw5ioN9
2019-04-05,"Lucy lawless, Rachel weiscz,  endless stream of stabbing incredible women"
2019-04-05,"Captain Marvel, awesome fashion,  happy selfies"
2019-04-05,"Kim K reaction pics, reading people within an inch of their life, and Kanye"
2019-04-05,I could run a sweet art business from home js
2019-04-05,Update: I am 20% gayer https://twitter.com/iamnotwaynegale/status/1113689400569925632Â â€¦
2019-04-05, pic.twitter.com/znH0iqjnKz
2019-04-05,â¤ï¸ğŸ§¡ğŸ’›ğŸ’šğŸ’™ğŸ’œ
2019-04-05,Also iPhone has a parasiteğŸ¦  emoji???
2019-04-05,Hahaha like a parasite... wait no
2019-04-05,I CANNOT IM LOVE YOU?!? pic.twitter.com/7qvpa7gs3x
2019-04-04,"I love that Zu is such an integral part of my being, like Iâ€™m a real ass mom."
2019-04-04,Eating whatever I want. Turns out i want to eat garbage that makes me feel bad and my stupid brain wonâ€™t let it go. https://twitter.com/willium/status/1113580074207518720Â â€¦
2019-04-04,Nah youâ€™re just too close to see how great you are
2019-04-04,Iâ€™m cry?! pic.twitter.com/uluIn3Rf17
2019-04-04,OH YOU. YOU SPOIL ME. pic.twitter.com/tV77LLbqy2
2019-04-04,"Foods, Rihanna, and an incredible shoe collection"
2019-04-04,Yeah lol gotta just own it at that point
2019-04-04,Donâ€™t hold back now pic.twitter.com/RRrcopuMNI
2019-04-04,"DnD, k-pop, cute face"
2019-04-04,"Bohemian style, record store, AMAZING selfie game."
2019-04-04,"I was running late this morning, but you betcher ass I still stopped to pet a teeny tiny Pomeranian puppy on my way to the bus stop. PRIORITIES."
2019-04-04,"Casual, because my work is definitely on the lower tier of business casual (jeans, sweatshirts, etc) some stuff Iâ€™ve looked up just for fun is like this outfit from community with these blue tights: pic.twitter.com/hEZmyqxg6A"
2019-04-04,Thereâ€™s a song that helps lol
2019-04-04,I only remember the first 150 bc I am weak.
2019-04-04,Lol they are all the tiny battle monsters
2019-04-04,"Clefairy
Articuno 
Togepi
Haunter
Electabuzz
Raichu 
Ivysaur
Nidorina
Exeggcute"
2019-04-04,Iâ€™m late but pic.twitter.com/FVYzTxeZyY
2019-04-03,Ok! Had to try :))
2019-04-03, pic.twitter.com/ImRsIipL5Q
2019-04-03,Are there any left?!?
2019-04-03,Whatâ€™s the cash tagggg pic.twitter.com/5JExAGTRck
2019-04-03,"To be fair, Letterkenny is a funny show. pic.twitter.com/7ezoqGydKX"
2019-04-03,"It might be a pizza and wine night, theydies. pic.twitter.com/u6v4easdQE"
2019-04-02, pic.twitter.com/b1mmLnqbpN
2019-04-02, pic.twitter.com/8hKCr8qSEs
2019-04-02,FAIR
2019-04-02,The boob aches. Just hanging from my chest makes them hurt so baddddd
2019-04-02,Do you ever think of something really mean you did a long time ago and it physically pains you?
2019-04-02, pic.twitter.com/ybj4ooybta
2019-04-02,Actual footage of me.
2019-04-02,"Lol i so did. Life is short, eat that mac. pic.twitter.com/TT7Q6A5M5M"
2019-04-02,This is so cute! Congrats on the new tat!
2019-04-02,"Help, Iâ€™m depressed and all Iâ€™ve wanted to eat for weeks is mac n cheese."
2019-04-02,A mood https://twitter.com/isaacdraws1/status/1112541213234737152Â â€¦
2019-04-02,Iâ€™m a Libra and thatâ€™s why I wanna get it out.
2019-04-02,Heck yes you are!!! â¤ï¸
2019-04-02, pic.twitter.com/jCLmC5UOU2
2019-04-02, pic.twitter.com/q9P4ceAMZj
2019-04-02,Smort
2019-04-02,*laughs in Pittsburgh*
2019-04-02,Pissy emailing is so fun. I have been the got it person tho lol
2019-04-02, pic.twitter.com/1twQQE5u3e
2019-04-02,YASSSS â¤ï¸ğŸ§¡ğŸ’›ğŸ’šğŸ’™ğŸ’œğŸ’–
2019-04-02,Both are so cute!!!
2019-04-01,Honestly same rn. His behavior is excused so much when itâ€™s unacceptable
2019-04-01,I want pizza but itâ€™s so late idk what to do.
